책이름,저자,원가,할인가,구분
이중 하나는 거짓말,김애란,"16,000","14,400",[국내도서]
영원한 천국,정유정,"19,800","17,820",[국내도서]
만화로 보는 3분 철학 : 서양 고대 철학편,김재훈,"16,000","14,400",[국내도서]
사피엔스 : 그래픽 히스토리 Vol.1,유발 하라리,"17,800","16,020",[국내도서]
김켈리의 신비마트 1,이세경,"16,000","14,400",[국내도서]
명탐정 코난 105 (특장판),아오야마 고쇼,"10,000","9,000",[국내도서]
복복깜짝북,미공개,"18,500","16,650",[국내도서]
원펀맨 One Punch Man 30,ONE,"5,500","4,950",[국내도서]
당신이 누군가를 죽였다,히가시노 게이고,"19,800","17,820",[국내도서]
너에게 들려주는 단단한 말,김종원,"18,000","16,200",[국내도서]
불안 세대,조너선 하이트,"24,800","22,320",[국내도서]
더 좋은 문장을 쓰고 싶은 당신을 위한 필사책,이주윤,"22,000","19,800",[국내도서]
푸른 들판을 걷다,클레어 키건,"16,800","15,120",[국내도서]
저속노화 식사법,정희원,"19,000","17,100",[국내도서]
ETS 토익 정기시험 기출문제집 1000 Vol. 4 Reading (리딩),ETS,"19,800","17,820",[국내도서]
명탐정 코난 105,아오야마 고쇼,"6,000","5,400",[국내도서]
ETS 토익 정기시험 기출문제집 1000 Vol. 4 Listening (리스닝),ETS,"19,800","17,820",[국내도서]
비 그친 오후의 헌책방,야기사와 사토시,"17,500","15,750",[국내도서]
허송세월,김훈,"18,000","16,200",[국내도서]
하루 한 장 나의 어휘력을 위한 필사 노트,유선경,"23,800","21,420",[국내도서]
만화로 보는 3분 철학 : 서양 중세·근대 철학편,김재훈,"16,800","15,120",[국내도서]
불가사의한 V양 사건,버지니아 울프,"14,000","12,600",[국내도서]
만화로 보는 3분 철학 : 서양 현대 철학편,김재훈,"16,800","15,120",[국내도서]
불변의 법칙,모건 하우절,"25,000","22,500",[국내도서]
에그박사 13,에그박사,"15,800","14,220",[국내도서]
고전이 답했다 마땅히 살아야 할 삶에 대하여,고명환,"16,800","15,120",[국내도서]
"바다, 어디까지 내려가 봤니?",자눔베르토 아치넬리,"25,000","22,500",[국내도서]
초역 부처의 말,코이케 류노스케,"17,800","16,020",[국내도서]
여자 둘이 살고 있습니다,김하나,"18,500","16,650",[국내도서]
빨모쌤의 라이브 영어회화 (특별 부록 한정판),빨간모자쌤 신용하,"22,000","19,800",[국내도서]
네가 유성처럼 스러지는 모습을 지켜볼 운명이었다,미나토 쇼,"18,000","16,200",[국내도서]
모순,양귀자,"13,000","11,700",[국내도서]
국어 잘하는 아이가 이깁니다,나민애,"17,500","15,750",[국내도서]
돈의 심리학 (30만 부 기념 스페셜 에디션),모건 하우절,"19,800","17,820",[국내도서]
침묵을 배우는 시간,코르넬리아 토프,"18,500","16,650",[국내도서]
니체의 자존감 수업,사이토 다카시,"17,500","15,750",[국내도서]
Go Go 카카오프렌즈 33 : 필리핀,김미영,"16,800","15,120",[국내도서]
세이노의 가르침 (100만 부 한정판),세이노(SayNo),"7,200","6,480",[국내도서]
내가 네번째로 사랑하는 계절,한정원,"15,000","13,500",[국내도서]
나와 너,마르틴 부버,"12,000","10,800",[국내도서]
유희왕 애장판 10,다카하시 카즈키,"12,000","10,800",[국내도서]
테러리스트 김구,정안기,"30,000","27,000",[국내도서]
우치다 햣켄 기담집,우치다 햣켄,"16,000","14,400",[국내도서]
사랑과 결함,예소연,"16,500","14,850",[국내도서]
죽이고 싶은 아이 2,이꽃님,"14,000","12,600",[국내도서]
그의 운명에 대한 아주 개인적인 생각,유시민,"16,800","15,120",[국내도서]
"정확한 사랑의 실험 (10주년 기념 특별판, 양장)",신형철,"17,000","15,300",[국내도서]
침묵의 세계,막스 피카르트,"15,000","13,500",[국내도서]
백설공주에게 죽음을 (특별판),넬레 노이하우스,"17,800","16,020",[국내도서]
THE MONEY BOOK 더 머니북,토스,"22,000","19,800",[국내도서]
