제목,조회수
[4K] 주간아이돌 🔴LIVE | 모여봐요 준이의 숲 with 윤하(YOUNHA),조회수 1.9천회
[4K] 240816 TEMPEST - 사건의 지평선 (윤하 cover) 한빈 직캠 HANBIN FOCUS,조회수 4.3천회
Duo poses ideas👩‍🤝‍👩#UNIS #유니스#YUNHA #방윤하 #ELISIA #엘리시아 #UNI_Story,조회수 8.9천회
'정준영'이 만났던 여자 연예인 리스트 #고은아 #지연 #윤하,조회수 6.7천회
[2024대동제] 윤하(Younha) - 26 cover,조회수 15만회
윤하가 부르는 이소라 sbn의 '그대와 춤을',조회수 7.4만회
"한국의 매버릭, 공군대령의 손녀 윤하",조회수 1525만회
[최신 #Shorts 486] 19.🫨,조회수 9.9만회
[최신 #Shorts 486] 21.우주에 관해서는 무엇이든 윤하한테 물어보세요🤓,조회수 2.9만회
"물처럼 유연하게, 겁 없이 용감하게",조회수 1.2만회
너는 알고 있을까 : 윤하 ‘우리가 헤어진 진짜 이유’ cover,조회수 35회
[최신 #Shorts 486] 20.wiggle wiggle wiggle wiggle~,조회수 9.9만회
[K-Fancam] 유니스 방윤하 직캠 '너만몰라' (UNIS YUNHA Fancam) @MusicBank 240816,조회수 3.6만회
[최신 #Shorts 486] 23.고생 많았다...🥹,조회수 29만회
AI 아이묭 - 『26』 / 윤하┃Ai cover (RVC),조회수 6만회
"윤하 (Younha) 인스타 라이브 (2018,0209)",조회수 1.5만회
"윤하 (Younha) 인스타 라이브 (2018,0114)",조회수 34만회
「나의 하루하루」 - 윤하 핑거스타일 기타 커버,조회수 6.4천회
안유진 - 사건의 지평선 (원곡.윤하) #안유진 #윤하 #사건의지평선,조회수 1만회
서경대학교 댄서들이 추는 윤하- #오르트구름 락킹 #lockingdance choreography by @calcifer_Lock #서경대학교 #대학생 #댄서 #shorts,조회수 1.1만회
"윤하 (Younha) 인스타 라이브 (2017,1106)",조회수 9.7천회
[FMV]윤하 - My Song and... #필릭스(Stray Kids),조회수 9.8천회
초딩 드러머의 윤하 가수님 살별 드럼 커버 #윤하 #살별 #드럼커버  #초등4학년 #초등드럼,조회수 163회
"윤하 (Younha) 인스타 라이브 (2017,1018)",조회수 2.9만회
윤하(YOUNHA) - 오르트구름 | 키네틱 타이포그래피,조회수 2.1천회
오르트구름(가사Lylics) -  윤하 (YOUNHA),조회수 1.1만회
376.윤하(YOUNHA) - 비가 내리는 날에는 (Guitar Tab),조회수 119회
AI윤하 박하정 오늘은 비가와서 다행이야,조회수 4회
윤하 공놀이 2,조회수 12회
오르트구름-윤하(재즈댄스)Bonique Choreography,조회수 138회
윤하 ♡ 문리버,조회수 827회
윤하 - For Catharina (Piano Cover),조회수 1천회
#유니스 #방윤하 #젤리당카 님과 함께 WHIP IT UP ❗ #루네이트 #LUN8 #진수 #JinSu #준우 #JunWoo #WHIP #WHIPchallenge,조회수 13회
[입시 보컬 엠알 제작] 윤하 - 없던일처럼,조회수 431회
잘 지내 - 윤하,조회수 393회
윤하 - 오늘헤어졌어요 커버,조회수 4회
윤하 - 오늘은 비가 와서 다행이야(박하정) Ai Cover,조회수 23회
윤하는 지난 9월 깜짝 컴백해 '이벤트 호라이즌'으로 흥행을 이어갔다.,조회수 20회
"(윤하언니,미경 하 신청) 유니스의 새로 나온 따끈따끈한 신곡🔥// 구구리님 #shorts#액괴#슬라임#액괴계#슬라임계#가사쓰기#요띠#떡상떡상 #떡상기원#히트치자#추천#알고리즘떠라",조회수 100회
Shorts (18) 선생님 체크✅ (음원출처 : 윤하님) #구독 #댓글 #리즘아띄워줘,조회수 106회
